dimension,base_id,category,clean_prompt,noisy_prompt,gold,gpt_names,gpt_error_type,gpt_error,gpt_prediction,haiku_names,haiku_error_type,haiku_error,haiku_prediction,glm_names,glm_error_type,glm_error,glm_prediction
cursing,live_simple_228-119-0,live_simple,Convert it to audio format: I am a pretty girl,convert it to audio format: I am a pretty girl fucking please man,"[{""text_to_speech.convert"": {""gender"": ["""", ""female""], ""language"": ["""", ""en-US""], ""speed"": ["""", 1.0], ""text"": [""I am a pretty girl""]}}]",text_to_speech.convert,value_error:string,Invalid value for parameter 'text': 'I am a pretty girl fucking please man'. Expected one of ['I am a pretty girl']. Case insensitive.,"[{""arguments"": {""gender"": ""female"", ""language"": ""en-US"", ""speed"": 1, ""text"": ""I am a pretty girl fucking please man""}, ""name"": ""text_to_speech.convert""}]",text_to_speech.convert,value_error:string,Invalid value for parameter 'text': 'I am a pretty girl fucking please man'. Expected one of ['I am a pretty girl']. Case insensitive.,"[{""arguments"": {""text"": ""I am a pretty girl fucking please man""}, ""name"": ""text_to_speech.convert""}]",text_to_speech.convert,value_error:string,Invalid value for parameter 'text': 'I am a pretty girl fucking please man'. Expected one of ['I am a pretty girl']. Case insensitive.,"[{""arguments"": {""text"": ""I am a pretty girl fucking please man""}, ""name"": ""text_to_speech.convert""}]"
cursing,live_multiple_1018-247-0,live_multiple,Provide me with all the configured websites. My API is called YOUR_API_KEY,this is bullshit provide me with all the configured websites. My API is called YOUR_API_KEY,"[{""website_configuration_api.get_websites"": {""api_key"": [""YOUR_API_KEY""], ""include_details"": ["""", false], ""status_filter"": ["""", ""active""]}}]",website_configuration_api.get_websites,value_error:others,"Invalid value for parameter 'include_details': True. Expected one of ['', False].","[{""arguments"": {""api_key"": ""YOUR_API_KEY"", ""include_details"": true, ""status_filter"": ""active""}, ""name"": ""website_configuration_api.get_websites""}]",website_configuration_api.get_websites,value_error:others,"Invalid value for parameter 'include_details': True. Expected one of ['', False].","[{""arguments"": {""api_key"": ""YOUR_API_KEY"", ""include_details"": true}, ""name"": ""website_configuration_api.get_websites""}]",website_configuration_api.get_websites,value_error:others,"Invalid value for parameter 'include_details': True. Expected one of ['', False].","[{""arguments"": {""api_key"": ""YOUR_API_KEY"", ""include_details"": true}, ""name"": ""website_configuration_api.get_websites""}]"
pasted_context_block,live_simple_32-9-0,live_simple,"Sure, here is the answer to the question:\n\n**Logistic regression is not present in the text, therefore I cannot answer this question.**","remember this from the other chat
same idea as before
shorter
and please dont make it sound like a report

Sure, here is the answer to the question:\n\n**Logistic regression is not present in the text, therefore I cannot answer this question.**","[{""answer.string"": {""answer"": [""Logistic regression is not present in the text, therefore I cannot answer this question.""]}}]",answer.string,value_error:string,"Invalid value for parameter 'answer': 'Logistic regression isn’t mentioned in the text, so I can’t answer that.'. Expected one of ['Logistic regression is not present in the text, therefore I cannot answer this question.']. Case insensitive.","[{""arguments"": {""answer"": ""Logistic regression isn’t mentioned in the text, so I can’t answer that.""}, ""name"": ""answer.string""}]",answer.string,value_error:string,"Invalid value for parameter 'answer': ""I don't have access to your previous chat history, so I can't see what you're referring to. Could you please share:\n\n1. What the original idea/topic was\n2. What you'd like me to create (shorter version, conversational tone, not report-style)\n\nOnce you give me those details, I'll be happy to help!"". Expected one of ['Logistic regression is not present in the text, therefore I cannot answer this question.']. Case insensitive.","[{""arguments"": {""answer"": ""I don't have access to your previous chat history, so I can't see what you're referring to. Could you please share:\n\n1. What the original idea/topic was\n2. What you'd like me to create (shorter version, conversational tone, not report-style)\n\nOnce you give me those details, I'll be happy to help!""}, ""name"": ""answer.string""}]",<empty>,simple_function_checker:wrong_count,Wrong number of functions.,[]
telegraphic_request,live_simple_36-13-0,live_simple,"Sure, here is the answer to the question:\n\nThe text does not define logistic regression, therefore I cannot answer this question.",Sure here answer question \n\nThe text not define logistic regression therefore cannot answer this question.,"[{""parseAnswer"": {""answer"": [""The text does not define logistic regression, therefore I cannot answer this question.""]}}]",parseAnswer,value_error:string,"Invalid value for parameter 'answer': 'The text does not define logistic regression; therefore, it cannot answer this question.'. Expected one of ['The text does not define logistic regression, therefore I cannot answer this question.']. Case insensitive.","[{""arguments"": {""answer"": ""The text does not define logistic regression; therefore, it cannot answer this question.""}, ""name"": ""parseAnswer""}]",parseAnswer,value_error:string,"Invalid value for parameter 'answer': 'The text not define logistic regression therefore cannot answer this question.'. Expected one of ['The text does not define logistic regression, therefore I cannot answer this question.']. Case insensitive.","[{""arguments"": {""answer"": ""The text not define logistic regression therefore cannot answer this question.""}, ""name"": ""parseAnswer""}]",parseAnswer,value_error:string,"Invalid value for parameter 'answer': 'The text not define logistic regression therefore cannot answer this question.'. Expected one of ['The text does not define logistic regression, therefore I cannot answer this question.']. Case insensitive.","[{""arguments"": {""answer"": ""The text not define logistic regression therefore cannot answer this question.""}, ""name"": ""parseAnswer""}]"
telegraphic_request,live_simple_37-14-0,live_simple,"Sure, here is the answer to the question:\n\nThe text does not define logistic regression, therefore I cannot answer this question.",Sure here answer question \n\nThe text not define logistic regression therefore cannot answer this question.,"[{""parseAnswer"": {""answer"": [""The text does not define logistic regression, therefore I cannot answer this question.""]}}]",parseAnswer,value_error:string,"Invalid value for parameter 'answer': 'The text not define logistic regression therefore cannot answer this question.'. Expected one of ['The text does not define logistic regression, therefore I cannot answer this question.']. Case insensitive.","[{""arguments"": {""answer"": ""The text not define logistic regression therefore cannot answer this question.""}, ""name"": ""parseAnswer""}]",parseAnswer,value_error:string,"Invalid value for parameter 'answer': 'The text not define logistic regression therefore cannot answer this question.'. Expected one of ['The text does not define logistic regression, therefore I cannot answer this question.']. Case insensitive.","[{""arguments"": {""answer"": ""The text not define logistic regression therefore cannot answer this question.""}, ""name"": ""parseAnswer""}]",parseAnswer,value_error:string,"Invalid value for parameter 'answer': 'The text not define logistic regression therefore cannot answer this question.'. Expected one of ['The text does not define logistic regression, therefore I cannot answer this question.']. Case insensitive.","[{""arguments"": {""answer"": ""The text not define logistic regression therefore cannot answer this question.""}, ""name"": ""parseAnswer""}]"
telegraphic_request,live_simple_105-62-0,live_simple,classify these sentences\nlink my account\nconnect my accounts\nhello,classify these sentences\nlink account\nconnect accounts\nhello,"[{""classify"": {""clean_hello"": [[""hello""]], ""faq_link_accounts_start"": [[""link my account"", ""connect my accounts""]]}}]",classify,value_error:list/tuple,"Invalid value for parameter 'faq_link_accounts_start': ['link account', 'connect accounts']. Expected one of [['link my account', 'connect my accounts']].","[{""arguments"": {""clean_hello"": [""hello""], ""faq_link_accounts_start"": [""link account"", ""connect accounts""]}, ""name"": ""classify""}]",classify,value_error:list/tuple,"Invalid value for parameter 'faq_link_accounts_start': ['link account', 'connect accounts']. Expected one of [['link my account', 'connect my accounts']].","[{""arguments"": {""clean_hello"": [""hello""], ""faq_link_accounts_start"": [""link account"", ""connect accounts""]}, ""name"": ""classify""}]",classify,value_error:list/tuple,"Invalid value for parameter 'faq_link_accounts_start': ['link account', 'connect accounts']. Expected one of [['link my account', 'connect my accounts']].","[{""arguments"": {""clean_hello"": [""hello""], ""faq_link_accounts_start"": [""link account"", ""connect accounts""]}, ""name"": ""classify""}]"
telegraphic_request,live_simple_163-96-2,live_simple,"The image is a poster for The Lego Movie. It features the Lego logo, which is a red and yellow rectangle with the word ""LEGO"" written in white. The poster also features several Lego characters, including Emmet, Wyldstyle, Batman, and Gandalf. Other objects that could contain copyrighted material include the movie's title, the release date, and the names of the actors who voiced the characters.

red logo
yellow rectangle
white text
Lego characters
movie title
release date
actor names","image poster Lego Movie. features Lego logo red and yellow rectangle word ""LEGO"" written in white. poster also features several Lego characters including Emmet Wyldstyle Batman and Gandalf. Other objects that contain copyrighted material include movie's title release date and names actors who voiced characters. red logo yellow rectangle white text Lego characters movie title release date actor names","[{""get_items"": {""items"": [[""red logo"", ""yellow rectangle"", ""white text"", ""Lego characters"", ""movie title"", ""release date"", ""actor names""]]}}]",get_items,value_error:list/tuple,"Invalid value for parameter 'items': ['LEGO logo (red and yellow rectangle with white LEGO text)', 'Lego Movie poster artwork', 'Characters: Emmet, Wyldstyle, Batman, Gandalf', 'Movie title and release date', 'Actor names who voiced characters']. Expected one of [['red logo', 'yellow rectangle', 'white text', 'Lego characters', 'movie title', 'release date', 'actor names']].","[{""arguments"": {""items"": [""LEGO logo (red and yellow rectangle with white LEGO text)"", ""Lego Movie poster artwork"", ""Characters: Emmet, Wyldstyle, Batman, Gandalf"", ""Movie title and release date"", ""Actor names who voiced characters""]}, ""name"": ""get_items""}]",get_items,value_error:list/tuple,"Invalid value for parameter 'items': ['Lego logo red and yellow rectangle', 'white text LEGO', 'Emmet character', 'Wyldstyle character', 'Batman character', 'Gandalf character', 'Lego Movie title', 'release date', 'actor names', 'Lego characters']. Expected one of [['red logo', 'yellow rectangle', 'white text', 'Lego characters', 'movie title', 'release date', 'actor names']].","[{""arguments"": {""items"": [""Lego logo red and yellow rectangle"", ""white text LEGO"", ""Emmet character"", ""Wyldstyle character"", ""Batman character"", ""Gandalf character"", ""Lego Movie title"", ""release date"", ""actor names"", ""Lego characters""]}, ""name"": ""get_items""}]",get_items,value_error:list/tuple,"Invalid value for parameter 'items': ['Lego logo red and yellow rectangle word LEGO written in white', 'Lego characters including Emmet Wyldstyle Batman and Gandalf', ""movie's title"", 'release date', 'names actors who voiced characters']. Expected one of [['red logo', 'yellow rectangle', 'white text', 'Lego characters', 'movie title', 'release date', 'actor names']].","[{""arguments"": {""items"": [""Lego logo red and yellow rectangle word LEGO written in white"", ""Lego characters including Emmet Wyldstyle Batman and Gandalf"", ""movie's title"", ""release date"", ""names actors who voiced characters""]}, ""name"": ""get_items""}]"
telegraphic_request,live_multiple_676-163-1,live_multiple,What's the weather going to be like in New York tomorrow? today is 2023.10.1,What's weather going like in New York tomorrow today 2023.10.1,"[{""Weather_1_GetWeather"": {""city"": [""New York, NY""], ""date"": [""2023-10-02""]}}]",Weather_1_GetWeather,value_error:string,Invalid value for parameter 'date': '2023-10-01'. Expected one of ['2023-10-02']. Case insensitive.,"[{""arguments"": {""city"": ""New York, NY"", ""date"": ""2023-10-01""}, ""name"": ""Weather_1_GetWeather""}]",Weather_1_GetWeather,value_error:string,Invalid value for parameter 'date': '2023-10-01'. Expected one of ['2023-10-02']. Case insensitive.,"[{""arguments"": {""city"": ""New York, NY"", ""date"": ""2023-10-01""}, ""name"": ""Weather_1_GetWeather""}]",Weather_1_GetWeather,value_error:string,Invalid value for parameter 'date': '2023-10-01'. Expected one of ['2023-10-02']. Case insensitive.,"[{""arguments"": {""city"": ""New York, NY"", ""date"": ""2023-10-01""}, ""name"": ""Weather_1_GetWeather""}]"
